{"cameraMode":{"drawMode":0,"name":"Shaded","section":"Shading Mode"},"sceneLighting":false,"audioPlay":false,"sceneViewState":{"showFog":true,"showMaterialUpdate":false,"showSkybox":false,"showFlares":true,"showImageEffects":true,"showParticleSystems":true},"in2DMode":false,"pivot":{"x":95.1172866821289,"y":4.962488174438477,"z":-44.95823287963867},"rotation":{"x":0.03440893068909645,"y":0.8911925554275513,"z":-0.06858865916728974,"w":0.4470877945423126},"size":14.63122272491455,"orthographic":false}